{
  "chemistry experiments": 0.5777777777777777,
  "haute couture fashion": 0.4777777777777778,
  "Mars exploration": 0.7888888888888889,
  "abstract art": 0.8,
  "the American Revolution": 0.9333333333333333,
  "animated films": 0.5666666666666667,
  "luxury vehicles": 0.8916666666666667,
  "CrossFit training": 0.675,
  "sustainable building materials": 0.9666666666666667,
  "virtual reality gaming": 0.7833333333333333,
  "sonnets": 0.22,
  "deep-sea fishing": 0.9083333333333333,
  "yoga techniques": 0.8083333333333333,
  "ice hockey": 0.575,
  "street food culture": 0.725,
  "comet sightings": 0.8833333333333333,
  "surfboard design": 0.7666666666666667,
  "essential camping equipment": 0.017764448033221823,
  "Shakespearean plays": 0.1875,
  "trail running": 0.5416666666666666,
  "synthwave music": 0.48333333333333334,
  "major solar eclipses": 0.02148148148148148,
  "diplomacy and foreign policy": 0.5333333333333333,
  "urban green spaces": 0.39166666666666666,
  "base jumping": 0.5,
  "rare bird species": 0.125,
  "Antarctic expeditions": 0.1,
  "advancements in renewable energy": 0.0,
  "ancient civilizations": 0.2,
  "pottery-making": 0.48333333333333334
}