{
  "chemistry experiments": 0.5777777777777777,
  "haute couture fashion": 0.4777777777777778,
  "Mars exploration": 0.7888888888888889,
  "abstract art": 0.8
}